Order ID,Product ID,Product Title,Quantity,TotalPrice,CustomerName,CustomerEmail
1,gid://shopify/Product/4,The Collection Snowboard: Hydrogen,4,15.18,Customer-1,customer1@example.com,
2,gid://shopify/Product/2,The Minimal Snowboard,1,74.91,Customer-2,customer2@example.com,
3,gid://shopify/Product/3,The Archived Snowboard,7,65.33,Customer-3,customer3@example.com,
4,gid://shopify/Product/3,The Archived Snowboard,3,103.27,Customer-4,customer4@example.com,
5,gid://shopify/Product/3,The Archived Snowboard,3,44.48,Customer-5,customer5@example.com,
6,gid://shopify/Product/4,The Collection Snowboard: Hydrogen,9,51.37,Customer-6,customer6@example.com,
7,gid://shopify/Product/3,The Archived Snowboard,7,77.88,Customer-7,customer7@example.com,
8,gid://shopify/Product/4,The Collection Snowboard: Hydrogen,10,36.30,Customer-8,customer8@example.com,
9,gid://shopify/Product/4,The Collection Snowboard: Hydrogen,2,45.05,Customer-9,customer9@example.com,
10,gid://shopify/Product/3,The Archived Snowboard,5,48.21,Customer-10,customer10@example.com,
11,gid://shopify/Product/3,The Archived Snowboard,7,25.29,Customer-11,customer11@example.com,
12,gid://shopify/Product/2,The Minimal Snowboard,5,22.40,Customer-12,customer12@example.com,
13,gid://shopify/Product/3,The Archived Snowboard,4,46.07,Customer-13,customer13@example.com,
14,gid://shopify/Product/1,The Videographer Snowboard,6,12.70,Customer-14,customer14@example.com,
15,gid://shopify/Product/2,The Minimal Snowboard,1,100.45,Customer-15,customer15@example.com,
16,gid://shopify/Product/2,The Minimal Snowboard,8,60.03,Customer-16,customer16@example.com,
17,gid://shopify/Product/2,The Minimal Snowboard,7,51.44,Customer-17,customer17@example.com,
18,gid://shopify/Product/1,The Videographer Snowboard,3,74.60,Customer-18,customer18@example.com,
19,gid://shopify/Product/2,The Minimal Snowboard,4,96.91,Customer-19,customer19@example.com,
20,gid://shopify/Product/2,The Minimal Snowboard,1,14.58,Customer-20,customer20@example.com,
21,gid://shopify/Product/2,The Minimal Snowboard,10,105.09,Customer-21,customer21@example.com,
22,gid://shopify/Product/4,The Collection Snowboard: Hydrogen,2,70.76,Customer-22,customer22@example.com,
23,gid://shopify/Product/1,The Videographer Snowboard,6,78.24,Customer-23,customer23@example.com,
24,gid://shopify/Product/2,The Minimal Snowboard,7,102.19,Customer-24,customer24@example.com,
25,gid://shopify/Product/4,The Collection Snowboard: Hydrogen,6,107.41,Customer-25,customer25@example.com,
26,gid://shopify/Product/2,The Minimal Snowboard,4,11.25,Customer-26,customer26@example.com,
27,gid://shopify/Product/1,The Videographer Snowboard,7,23.11,Customer-27,customer27@example.com,
28,gid://shopify/Product/4,The Collection Snowboard: Hydrogen,4,21.92,Customer-28,customer28@example.com,
29,gid://shopify/Product/4,The Collection Snowboard: Hydrogen,5,36.54,Customer-29,customer29@example.com,
30,gid://shopify/Product/3,The Archived Snowboard,5,21.24,Customer-30,customer30@example.com,
31,gid://shopify/Product/1,The Videographer Snowboard,4,40.37,Customer-31,customer31@example.com,
32,gid://shopify/Product/4,The Collection Snowboard: Hydrogen,9,28.30,Customer-32,customer32@example.com,
33,gid://shopify/Product/1,The Videographer Snowboard,10,69.03,Customer-33,customer33@example.com,
34,gid://shopify/Product/4,The Collection Snowboard: Hydrogen,7,51.42,Customer-34,customer34@example.com,
35,gid://shopify/Product/1,The Videographer Snowboard,2,99.01,Customer-35,customer35@example.com,
36,gid://shopify/Product/3,The Archived Snowboard,6,80.35,Customer-36,customer36@example.com,
37,gid://shopify/Product/1,The Videographer Snowboard,5,31.64,Customer-37,customer37@example.com,
38,gid://shopify/Product/3,The Archived Snowboard,8,95.61,Customer-38,customer38@example.com,
39,gid://shopify/Product/3,The Archived Snowboard,5,102.74,Customer-39,customer39@example.com,
40,gid://shopify/Product/2,The Minimal Snowboard,6,65.06,Customer-40,customer40@example.com,
41,gid://shopify/Product/4,The Collection Snowboard: Hydrogen,2,88.90,Customer-41,customer41@example.com,
42,gid://shopify/Product/1,The Videographer Snowboard,1,33.81,Customer-42,customer42@example.com,
43,gid://shopify/Product/4,The Collection Snowboard: Hydrogen,6,83.76,Customer-43,customer43@example.com,
44,gid://shopify/Product/2,The Minimal Snowboard,9,12.57,Customer-44,customer44@example.com,
45,gid://shopify/Product/1,The Videographer Snowboard,10,98.05,Customer-45,customer45@example.com,
46,gid://shopify/Product/2,The Minimal Snowboard,5,14.41,Customer-46,customer46@example.com,
47,gid://shopify/Product/1,The Videographer Snowboard,5,58.40,Customer-47,customer47@example.com,
48,gid://shopify/Product/3,The Archived Snowboard,2,13.69,Customer-48,customer48@example.com,
49,gid://shopify/Product/4,The Collection Snowboard: Hydrogen,2,98.51,Customer-49,customer49@example.com,
50,gid://shopify/Product/2,The Minimal Snowboard,9,10.18,Customer-50,customer50@example.com,
51,gid://shopify/Product/2,The Minimal Snowboard,7,67.81,Customer-51,customer51@example.com,
52,gid://shopify/Product/4,The Collection Snowboard: Hydrogen,6,82.10,Customer-52,customer52@example.com,
53,gid://shopify/Product/1,The Videographer Snowboard,9,76.49,Customer-53,customer53@example.com,
54,gid://shopify/Product/4,The Collection Snowboard: Hydrogen,7,14.68,Customer-54,customer54@example.com,
55,gid://shopify/Product/1,The Videographer Snowboard,9,62.94,Customer-55,customer55@example.com,
56,gid://shopify/Product/1,The Videographer Snowboard,8,39.52,Customer-56,customer56@example.com,
57,gid://shopify/Product/3,The Archived Snowboard,10,94.90,Customer-57,customer57@example.com,
58,gid://shopify/Product/2,The Minimal Snowboard,10,28.71,Customer-58,customer58@example.com,
59,gid://shopify/Product/2,The Minimal Snowboard,2,66.01,Customer-59,customer59@example.com,
60,gid://shopify/Product/2,The Minimal Snowboard,3,65.27,Customer-60,customer60@example.com,
61,gid://shopify/Product/2,The Minimal Snowboard,9,32.12,Customer-61,customer61@example.com,
62,gid://shopify/Product/3,The Archived Snowboard,7,72.19,Customer-62,customer62@example.com,
63,gid://shopify/Product/4,The Collection Snowboard: Hydrogen,1,102.51,Customer-63,customer63@example.com,
64,gid://shopify/Product/2,The Minimal Snowboard,8,105.82,Customer-64,customer64@example.com,
65,gid://shopify/Product/4,The Collection Snowboard: Hydrogen,8,26.67,Customer-65,customer65@example.com,
66,gid://shopify/Product/1,The Videographer Snowboard,6,58.59,Customer-66,customer66@example.com,
67,gid://shopify/Product/4,The Collection Snowboard: Hydrogen,5,85.09,Customer-67,customer67@example.com,
68,gid://shopify/Product/4,The Collection Snowboard: Hydrogen,8,60.94,Customer-68,customer68@example.com,
69,gid://shopify/Product/4,The Collection Snowboard: Hydrogen,2,56.03,Customer-69,customer69@example.com,
70,gid://shopify/Product/1,The Videographer Snowboard,9,34.38,Customer-70,customer70@example.com,
71,gid://shopify/Product/3,The Archived Snowboard,4,45.78,Customer-71,customer71@example.com,
72,gid://shopify/Product/4,The Collection Snowboard: Hydrogen,4,104.67,Customer-72,customer72@example.com,
73,gid://shopify/Product/1,The Videographer Snowboard,7,47.34,Customer-73,customer73@example.com,
74,gid://shopify/Product/2,The Minimal Snowboard,6,50.44,Customer-74,customer74@example.com,
75,gid://shopify/Product/4,The Collection Snowboard: Hydrogen,5,35.43,Customer-75,customer75@example.com,
76,gid://shopify/Product/4,The Collection Snowboard: Hydrogen,1,31.51,Customer-76,customer76@example.com,
77,gid://shopify/Product/1,The Videographer Snowboard,3,102.70,Customer-77,customer77@example.com,
78,gid://shopify/Product/1,The Videographer Snowboard,7,97.71,Customer-78,customer78@example.com,
79,gid://shopify/Product/2,The Minimal Snowboard,9,104.71,Customer-79,customer79@example.com,
80,gid://shopify/Product/1,The Videographer Snowboard,7,108.82,Customer-80,customer80@example.com,
81,gid://shopify/Product/4,The Collection Snowboard: Hydrogen,9,32.53,Customer-81,customer81@example.com,
82,gid://shopify/Product/1,The Videographer Snowboard,7,22.55,Customer-82,customer82@example.com,
83,gid://shopify/Product/1,The Videographer Snowboard,3,73.27,Customer-83,customer83@example.com,
84,gid://shopify/Product/4,The Collection Snowboard: Hydrogen,5,104.77,Customer-84,customer84@example.com,
85,gid://shopify/Product/4,The Collection Snowboard: Hydrogen,8,30.20,Customer-85,customer85@example.com,
86,gid://shopify/Product/2,The Minimal Snowboard,1,22.11,Customer-86,customer86@example.com,
87,gid://shopify/Product/3,The Archived Snowboard,5,44.19,Customer-87,customer87@example.com,
88,gid://shopify/Product/4,The Collection Snowboard: Hydrogen,9,82.80,Customer-88,customer88@example.com,
89,gid://shopify/Product/4,The Collection Snowboard: Hydrogen,1,87.11,Customer-89,customer89@example.com,
90,gid://shopify/Product/2,The Minimal Snowboard,10,31.60,Customer-90,customer90@example.com,
91,gid://shopify/Product/3,The Archived Snowboard,1,31.23,Customer-91,customer91@example.com,
92,gid://shopify/Product/2,The Minimal Snowboard,6,58.51,Customer-92,customer92@example.com,
93,gid://shopify/Product/3,The Archived Snowboard,8,52.27,Customer-93,customer93@example.com,
94,gid://shopify/Product/1,The Videographer Snowboard,5,18.69,Customer-94,customer94@example.com,
95,gid://shopify/Product/1,The Videographer Snowboard,10,55.01,Customer-95,customer95@example.com,
96,gid://shopify/Product/2,The Minimal Snowboard,3,62.44,Customer-96,customer96@example.com,
97,gid://shopify/Product/2,The Minimal Snowboard,3,60.52,Customer-97,customer97@example.com,
98,gid://shopify/Product/3,The Archived Snowboard,10,107.28,Customer-98,customer98@example.com,
99,gid://shopify/Product/1,The Videographer Snowboard,2,85.59,Customer-99,customer99@example.com,
100,gid://shopify/Product/1,The Videographer Snowboard,3,86.00,Customer-100,customer100@example.com,
101,gid://shopify/Product/1,The Videographer Snowboard,5,23.59,Customer-101,customer101@example.com,
102,gid://shopify/Product/4,The Collection Snowboard: Hydrogen,10,21.44,Customer-102,customer102@example.com,
103,gid://shopify/Product/1,The Videographer Snowboard,5,106.91,Customer-103,customer103@example.com,
104,gid://shopify/Product/3,The Archived Snowboard,2,31.39,Customer-104,customer104@example.com,
105,gid://shopify/Product/1,The Videographer Snowboard,7,24.34,Customer-105,customer105@example.com,
106,gid://shopify/Product/1,The Videographer Snowboard,4,14.09,Customer-106,customer106@example.com,
107,gid://shopify/Product/3,The Archived Snowboard,3,108.61,Customer-107,customer107@example.com,
108,gid://shopify/Product/4,The Collection Snowboard: Hydrogen,3,29.06,Customer-108,customer108@example.com,
109,gid://shopify/Product/1,The Videographer Snowboard,5,27.48,Customer-109,customer109@example.com,
110,gid://shopify/Product/4,The Collection Snowboard: Hydrogen,8,47.71,Customer-110,customer110@example.com,
111,gid://shopify/Product/3,The Archived Snowboard,5,27.81,Customer-111,customer111@example.com,
112,gid://shopify/Product/1,The Videographer Snowboard,1,63.47,Customer-112,customer112@example.com,
113,gid://shopify/Product/3,The Archived Snowboard,2,48.47,Customer-113,customer113@example.com,
114,gid://shopify/Product/1,The Videographer Snowboard,10,88.48,Customer-114,customer114@example.com,
115,gid://shopify/Product/1,The Videographer Snowboard,1,47.01,Customer-115,customer115@example.com,
116,gid://shopify/Product/4,The Collection Snowboard: Hydrogen,6,91.73,Customer-116,customer116@example.com,
117,gid://shopify/Product/4,The Collection Snowboard: Hydrogen,8,17.37,Customer-117,customer117@example.com,
118,gid://shopify/Product/3,The Archived Snowboard,3,69.76,Customer-118,customer118@example.com,
119,gid://shopify/Product/2,The Minimal Snowboard,6,40.25,Customer-119,customer119@example.com,
120,gid://shopify/Product/3,The Archived Snowboard,6,102.87,Customer-120,customer120@example.com,
121,gid://shopify/Product/4,The Collection Snowboard: Hydrogen,10,54.02,Customer-121,customer121@example.com,
122,gid://shopify/Product/3,The Archived Snowboard,7,19.99,Customer-122,customer122@example.com,
123,gid://shopify/Product/2,The Minimal Snowboard,8,20.23,Customer-123,customer123@example.com,
124,gid://shopify/Product/2,The Minimal Snowboard,6,85.10,Customer-124,customer124@example.com,
125,gid://shopify/Product/2,The Minimal Snowboard,2,44.41,Customer-125,customer125@example.com,
126,gid://shopify/Product/1,The Videographer Snowboard,4,66.76,Customer-126,customer126@example.com,
127,gid://shopify/Product/4,The Collection Snowboard: Hydrogen,6,39.40,Customer-127,customer127@example.com,
128,gid://shopify/Product/3,The Archived Snowboard,2,72.99,Customer-128,customer128@example.com,
129,gid://shopify/Product/2,The Minimal Snowboard,3,85.50,Customer-129,customer129@example.com,
130,gid://shopify/Product/4,The Collection Snowboard: Hydrogen,2,50.33,Customer-130,customer130@example.com,
131,gid://shopify/Product/3,The Archived Snowboard,9,105.27,Customer-131,customer131@example.com,
132,gid://shopify/Product/4,The Collection Snowboard: Hydrogen,6,36.48,Customer-132,customer132@example.com,
133,gid://shopify/Product/4,The Collection Snowboard: Hydrogen,4,86.55,Customer-133,customer133@example.com,
134,gid://shopify/Product/4,The Collection Snowboard: Hydrogen,1,49.26,Customer-134,customer134@example.com,
135,gid://shopify/Product/1,The Videographer Snowboard,1,95.81,Customer-135,customer135@example.com,
136,gid://shopify/Product/1,The Videographer Snowboard,2,109.49,Customer-136,customer136@example.com,
137,gid://shopify/Product/1,The Videographer Snowboard,1,23.76,Customer-137,customer137@example.com,
138,gid://shopify/Product/4,The Collection Snowboard: Hydrogen,10,74.82,Customer-138,customer138@example.com,
139,gid://shopify/Product/4,The Collection Snowboard: Hydrogen,8,27.24,Customer-139,customer139@example.com,
140,gid://shopify/Product/3,The Archived Snowboard,10,65.84,Customer-140,customer140@example.com,
141,gid://shopify/Product/2,The Minimal Snowboard,10,106.62,Customer-141,customer141@example.com,
142,gid://shopify/Product/3,The Archived Snowboard,4,41.89,Customer-142,customer142@example.com,
143,gid://shopify/Product/2,The Minimal Snowboard,3,68.04,Customer-143,customer143@example.com,
144,gid://shopify/Product/3,The Archived Snowboard,4,90.34,Customer-144,customer144@example.com,
145,gid://shopify/Product/4,The Collection Snowboard: Hydrogen,5,11.51,Customer-145,customer145@example.com,
146,gid://shopify/Product/4,The Collection Snowboard: Hydrogen,1,84.97,Customer-146,customer146@example.com,
147,gid://shopify/Product/1,The Videographer Snowboard,2,53.28,Customer-147,customer147@example.com,
148,gid://shopify/Product/1,The Videographer Snowboard,2,50.46,Customer-148,customer148@example.com,
149,gid://shopify/Product/3,The Archived Snowboard,8,33.33,Customer-149,customer149@example.com,
150,gid://shopify/Product/4,The Collection Snowboard: Hydrogen,5,83.18,Customer-150,customer150@example.com,
151,gid://shopify/Product/2,The Minimal Snowboard,1,43.59,Customer-151,customer151@example.com,
152,gid://shopify/Product/3,The Archived Snowboard,5,28.99,Customer-152,customer152@example.com,
153,gid://shopify/Product/1,The Videographer Snowboard,1,73.14,Customer-153,customer153@example.com,
154,gid://shopify/Product/3,The Archived Snowboard,10,93.07,Customer-154,customer154@example.com,
155,gid://shopify/Product/2,The Minimal Snowboard,4,71.92,Customer-155,customer155@example.com,
156,gid://shopify/Product/1,The Videographer Snowboard,9,25.58,Customer-156,customer156@example.com,
157,gid://shopify/Product/1,The Videographer Snowboard,5,21.44,Customer-157,customer157@example.com,
158,gid://shopify/Product/4,The Collection Snowboard: Hydrogen,7,29.86,Customer-158,customer158@example.com,
159,gid://shopify/Product/2,The Minimal Snowboard,6,107.69,Customer-159,customer159@example.com,
160,gid://shopify/Product/4,The Collection Snowboard: Hydrogen,2,43.98,Customer-160,customer160@example.com,
161,gid://shopify/Product/4,The Collection Snowboard: Hydrogen,9,62.54,Customer-161,customer161@example.com,
162,gid://shopify/Product/4,The Collection Snowboard: Hydrogen,6,38.30,Customer-162,customer162@example.com,
163,gid://shopify/Product/3,The Archived Snowboard,2,109.02,Customer-163,customer163@example.com,
164,gid://shopify/Product/1,The Videographer Snowboard,5,104.62,Customer-164,customer164@example.com,
165,gid://shopify/Product/4,The Collection Snowboard: Hydrogen,9,53.08,Customer-165,customer165@example.com,
166,gid://shopify/Product/1,The Videographer Snowboard,6,80.06,Customer-166,customer166@example.com,
167,gid://shopify/Product/2,The Minimal Snowboard,7,15.78,Customer-167,customer167@example.com,
168,gid://shopify/Product/1,The Videographer Snowboard,1,101.37,Customer-168,customer168@example.com,
169,gid://shopify/Product/4,The Collection Snowboard: Hydrogen,7,24.03,Customer-169,customer169@example.com,
170,gid://shopify/Product/2,The Minimal Snowboard,4,89.20,Customer-170,customer170@example.com,
171,gid://shopify/Product/3,The Archived Snowboard,8,46.05,Customer-171,customer171@example.com,
172,gid://shopify/Product/1,The Videographer Snowboard,8,109.51,Customer-172,customer172@example.com,
173,gid://shopify/Product/3,The Archived Snowboard,7,37.28,Customer-173,customer173@example.com,
174,gid://shopify/Product/1,The Videographer Snowboard,1,65.60,Customer-174,customer174@example.com,
175,gid://shopify/Product/4,The Collection Snowboard: Hydrogen,7,103.33,Customer-175,customer175@example.com,
176,gid://shopify/Product/1,The Videographer Snowboard,2,76.99,Customer-176,customer176@example.com,
177,gid://shopify/Product/1,The Videographer Snowboard,8,36.18,Customer-177,customer177@example.com,
178,gid://shopify/Product/4,The Collection Snowboard: Hydrogen,7,83.24,Customer-178,customer178@example.com,
179,gid://shopify/Product/2,The Minimal Snowboard,1,58.98,Customer-179,customer179@example.com,
180,gid://shopify/Product/3,The Archived Snowboard,8,42.97,Customer-180,customer180@example.com,
181,gid://shopify/Product/2,The Minimal Snowboard,6,19.41,Customer-181,customer181@example.com,
182,gid://shopify/Product/4,The Collection Snowboard: Hydrogen,4,15.79,Customer-182,customer182@example.com,
183,gid://shopify/Product/3,The Archived Snowboard,5,50.92,Customer-183,customer183@example.com,
184,gid://shopify/Product/4,The Collection Snowboard: Hydrogen,2,54.24,Customer-184,customer184@example.com,
185,gid://shopify/Product/2,The Minimal Snowboard,8,29.49,Customer-185,customer185@example.com,
186,gid://shopify/Product/2,The Minimal Snowboard,9,45.95,Customer-186,customer186@example.com,
187,gid://shopify/Product/3,The Archived Snowboard,3,42.30,Customer-187,customer187@example.com,
188,gid://shopify/Product/3,The Archived Snowboard,3,69.67,Customer-188,customer188@example.com,
189,gid://shopify/Product/3,The Archived Snowboard,4,73.54,Customer-189,customer189@example.com,
190,gid://shopify/Product/4,The Collection Snowboard: Hydrogen,2,104.35,Customer-190,customer190@example.com,
191,gid://shopify/Product/3,The Archived Snowboard,9,18.83,Customer-191,customer191@example.com,
192,gid://shopify/Product/3,The Archived Snowboard,6,82.33,Customer-192,customer192@example.com,
193,gid://shopify/Product/1,The Videographer Snowboard,7,75.07,Customer-193,customer193@example.com,
194,gid://shopify/Product/3,The Archived Snowboard,3,103.71,Customer-194,customer194@example.com,
195,gid://shopify/Product/1,The Videographer Snowboard,10,54.90,Customer-195,customer195@example.com,
196,gid://shopify/Product/3,The Archived Snowboard,5,77.31,Customer-196,customer196@example.com,
197,gid://shopify/Product/2,The Minimal Snowboard,4,45.72,Customer-197,customer197@example.com,
198,gid://shopify/Product/4,The Collection Snowboard: Hydrogen,4,53.68,Customer-198,customer198@example.com,
199,gid://shopify/Product/1,The Videographer Snowboard,8,45.23,Customer-199,customer199@example.com,
200,gid://shopify/Product/3,The Archived Snowboard,1,60.19,Customer-200,customer200@example.com,
201,gid://shopify/Product/1,The Videographer Snowboard,5,109.34,Customer-201,customer201@example.com,
202,gid://shopify/Product/4,The Collection Snowboard: Hydrogen,5,102.12,Customer-202,customer202@example.com,
203,gid://shopify/Product/3,The Archived Snowboard,2,93.75,Customer-203,customer203@example.com,
204,gid://shopify/Product/4,The Collection Snowboard: Hydrogen,1,84.27,Customer-204,customer204@example.com,
205,gid://shopify/Product/2,The Minimal Snowboard,8,62.91,Customer-205,customer205@example.com,
206,gid://shopify/Product/2,The Minimal Snowboard,7,73.10,Customer-206,customer206@example.com,
207,gid://shopify/Product/2,The Minimal Snowboard,8,109.01,Customer-207,customer207@example.com,
208,gid://shopify/Product/2,The Minimal Snowboard,8,90.84,Customer-208,customer208@example.com,
209,gid://shopify/Product/2,The Minimal Snowboard,10,40.26,Customer-209,customer209@example.com,
210,gid://shopify/Product/1,The Videographer Snowboard,5,76.55,Customer-210,customer210@example.com,
211,gid://shopify/Product/4,The Collection Snowboard: Hydrogen,9,69.31,Customer-211,customer211@example.com,
212,gid://shopify/Product/2,The Minimal Snowboard,7,91.81,Customer-212,customer212@example.com,
213,gid://shopify/Product/3,The Archived Snowboard,5,38.41,Customer-213,customer213@example.com,
214,gid://shopify/Product/3,The Archived Snowboard,9,14.77,Customer-214,customer214@example.com,
215,gid://shopify/Product/3,The Archived Snowboard,2,79.96,Customer-215,customer215@example.com,
216,gid://shopify/Product/4,The Collection Snowboard: Hydrogen,3,81.37,Customer-216,customer216@example.com,
217,gid://shopify/Product/2,The Minimal Snowboard,8,52.46,Customer-217,customer217@example.com,
218,gid://shopify/Product/2,The Minimal Snowboard,8,56.98,Customer-218,customer218@example.com,
219,gid://shopify/Product/2,The Minimal Snowboard,9,92.79,Customer-219,customer219@example.com,
220,gid://shopify/Product/4,The Collection Snowboard: Hydrogen,8,97.75,Customer-220,customer220@example.com,
221,gid://shopify/Product/3,The Archived Snowboard,8,12.26,Customer-221,customer221@example.com,
222,gid://shopify/Product/3,The Archived Snowboard,6,85.58,Customer-222,customer222@example.com,
223,gid://shopify/Product/2,The Minimal Snowboard,7,44.40,Customer-223,customer223@example.com,
224,gid://shopify/Product/1,The Videographer Snowboard,2,89.71,Customer-224,customer224@example.com,
225,gid://shopify/Product/3,The Archived Snowboard,7,89.13,Customer-225,customer225@example.com,
226,gid://shopify/Product/1,The Videographer Snowboard,7,80.83,Customer-226,customer226@example.com,
227,gid://shopify/Product/2,The Minimal Snowboard,6,60.91,Customer-227,customer227@example.com,
228,gid://shopify/Product/3,The Archived Snowboard,4,49.37,Customer-228,customer228@example.com,
229,gid://shopify/Product/1,The Videographer Snowboard,5,72.96,Customer-229,customer229@example.com,
230,gid://shopify/Product/2,The Minimal Snowboard,10,18.64,Customer-230,customer230@example.com,
231,gid://shopify/Product/2,The Minimal Snowboard,8,74.52,Customer-231,customer231@example.com,
232,gid://shopify/Product/2,The Minimal Snowboard,8,107.31,Customer-232,customer232@example.com,
233,gid://shopify/Product/2,The Minimal Snowboard,1,80.80,Customer-233,customer233@example.com,
234,gid://shopify/Product/3,The Archived Snowboard,10,16.49,Customer-234,customer234@example.com,
235,gid://shopify/Product/1,The Videographer Snowboard,4,21.70,Customer-235,customer235@example.com,
236,gid://shopify/Product/4,The Collection Snowboard: Hydrogen,3,21.30,Customer-236,customer236@example.com,
237,gid://shopify/Product/4,The Collection Snowboard: Hydrogen,5,88.65,Customer-237,customer237@example.com,
238,gid://shopify/Product/2,The Minimal Snowboard,5,24.89,Customer-238,customer238@example.com,
239,gid://shopify/Product/2,The Minimal Snowboard,2,85.42,Customer-239,customer239@example.com,
240,gid://shopify/Product/1,The Videographer Snowboard,1,68.46,Customer-240,customer240@example.com,
241,gid://shopify/Product/3,The Archived Snowboard,1,61.57,Customer-241,customer241@example.com,
242,gid://shopify/Product/1,The Videographer Snowboard,5,88.14,Customer-242,customer242@example.com,
243,gid://shopify/Product/3,The Archived Snowboard,8,84.93,Customer-243,customer243@example.com,
244,gid://shopify/Product/1,The Videographer Snowboard,5,44.78,Customer-244,customer244@example.com,
245,gid://shopify/Product/4,The Collection Snowboard: Hydrogen,7,29.59,Customer-245,customer245@example.com,
246,gid://shopify/Product/2,The Minimal Snowboard,9,20.92,Customer-246,customer246@example.com,
247,gid://shopify/Product/1,The Videographer Snowboard,8,106.37,Customer-247,customer247@example.com,
248,gid://shopify/Product/1,The Videographer Snowboard,1,73.70,Customer-248,customer248@example.com,
249,gid://shopify/Product/4,The Collection Snowboard: Hydrogen,7,27.41,Customer-249,customer249@example.com,
250,gid://shopify/Product/1,The Videographer Snowboard,9,87.96,Customer-250,customer250@example.com,
251,gid://shopify/Product/3,The Archived Snowboard,9,20.50,Customer-251,customer251@example.com,
252,gid://shopify/Product/3,The Archived Snowboard,3,74.67,Customer-252,customer252@example.com,
253,gid://shopify/Product/2,The Minimal Snowboard,6,41.89,Customer-253,customer253@example.com,
254,gid://shopify/Product/3,The Archived Snowboard,6,21.16,Customer-254,customer254@example.com,
255,gid://shopify/Product/2,The Minimal Snowboard,4,72.56,Customer-255,customer255@example.com,
256,gid://shopify/Product/1,The Videographer Snowboard,6,89.55,Customer-256,customer256@example.com,
257,gid://shopify/Product/1,The Videographer Snowboard,1,57.73,Customer-257,customer257@example.com,
258,gid://shopify/Product/3,The Archived Snowboard,5,25.48,Customer-258,customer258@example.com,
259,gid://shopify/Product/4,The Collection Snowboard: Hydrogen,1,66.16,Customer-259,customer259@example.com,
260,gid://shopify/Product/1,The Videographer Snowboard,9,74.93,Customer-260,customer260@example.com,
261,gid://shopify/Product/3,The Archived Snowboard,2,84.13,Customer-261,customer261@example.com,
262,gid://shopify/Product/4,The Collection Snowboard: Hydrogen,1,74.00,Customer-262,customer262@example.com,
263,gid://shopify/Product/1,The Videographer Snowboard,8,13.17,Customer-263,customer263@example.com,
264,gid://shopify/Product/4,The Collection Snowboard: Hydrogen,6,93.11,Customer-264,customer264@example.com,
265,gid://shopify/Product/1,The Videographer Snowboard,10,76.45,Customer-265,customer265@example.com,
266,gid://shopify/Product/4,The Collection Snowboard: Hydrogen,4,42.67,Customer-266,customer266@example.com,
267,gid://shopify/Product/2,The Minimal Snowboard,8,87.73,Customer-267,customer267@example.com,
268,gid://shopify/Product/3,The Archived Snowboard,1,37.25,Customer-268,customer268@example.com,
269,gid://shopify/Product/4,The Collection Snowboard: Hydrogen,4,79.46,Customer-269,customer269@example.com,
270,gid://shopify/Product/4,The Collection Snowboard: Hydrogen,1,53.77,Customer-270,customer270@example.com,
271,gid://shopify/Product/4,The Collection Snowboard: Hydrogen,7,35.92,Customer-271,customer271@example.com,
272,gid://shopify/Product/4,The Collection Snowboard: Hydrogen,4,82.64,Customer-272,customer272@example.com,
273,gid://shopify/Product/1,The Videographer Snowboard,9,42.74,Customer-273,customer273@example.com,
274,gid://shopify/Product/4,The Collection Snowboard: Hydrogen,5,82.30,Customer-274,customer274@example.com,
275,gid://shopify/Product/3,The Archived Snowboard,6,76.09,Customer-275,customer275@example.com,
276,gid://shopify/Product/2,The Minimal Snowboard,3,100.19,Customer-276,customer276@example.com,
277,gid://shopify/Product/4,The Collection Snowboard: Hydrogen,6,56.89,Customer-277,customer277@example.com,
278,gid://shopify/Product/2,The Minimal Snowboard,10,67.91,Customer-278,customer278@example.com,
279,gid://shopify/Product/4,The Collection Snowboard: Hydrogen,1,25.88,Customer-279,customer279@example.com,
280,gid://shopify/Product/3,The Archived Snowboard,7,29.01,Customer-280,customer280@example.com,
281,gid://shopify/Product/1,The Videographer Snowboard,3,40.46,Customer-281,customer281@example.com,
282,gid://shopify/Product/2,The Minimal Snowboard,10,57.71,Customer-282,customer282@example.com,
283,gid://shopify/Product/2,The Minimal Snowboard,3,29.64,Customer-283,customer283@example.com,
284,gid://shopify/Product/3,The Archived Snowboard,1,98.72,Customer-284,customer284@example.com,
285,gid://shopify/Product/4,The Collection Snowboard: Hydrogen,5,82.29,Customer-285,customer285@example.com,
286,gid://shopify/Product/3,The Archived Snowboard,8,38.51,Customer-286,customer286@example.com,
287,gid://shopify/Product/2,The Minimal Snowboard,9,55.51,Customer-287,customer287@example.com,
288,gid://shopify/Product/3,The Archived Snowboard,8,97.38,Customer-288,customer288@example.com,
289,gid://shopify/Product/2,The Minimal Snowboard,10,26.00,Customer-289,customer289@example.com,
290,gid://shopify/Product/3,The Archived Snowboard,3,109.81,Customer-290,customer290@example.com,
291,gid://shopify/Product/3,The Archived Snowboard,2,38.33,Customer-291,customer291@example.com,
292,gid://shopify/Product/1,The Videographer Snowboard,5,92.68,Customer-292,customer292@example.com,
293,gid://shopify/Product/3,The Archived Snowboard,6,15.33,Customer-293,customer293@example.com,
294,gid://shopify/Product/4,The Collection Snowboard: Hydrogen,3,96.02,Customer-294,customer294@example.com,
295,gid://shopify/Product/4,The Collection Snowboard: Hydrogen,2,109.35,Customer-295,customer295@example.com,
296,gid://shopify/Product/4,The Collection Snowboard: Hydrogen,3,53.66,Customer-296,customer296@example.com,
297,gid://shopify/Product/4,The Collection Snowboard: Hydrogen,9,87.95,Customer-297,customer297@example.com,
298,gid://shopify/Product/2,The Minimal Snowboard,3,73.23,Customer-298,customer298@example.com,
299,gid://shopify/Product/4,The Collection Snowboard: Hydrogen,8,109.87,Customer-299,customer299@example.com,
300,gid://shopify/Product/1,The Videographer Snowboard,2,64.50,Customer-300,customer300@example.com,
301,gid://shopify/Product/2,The Minimal Snowboard,3,87.44,Customer-301,customer301@example.com,
302,gid://shopify/Product/1,The Videographer Snowboard,3,24.55,Customer-302,customer302@example.com,
303,gid://shopify/Product/2,The Minimal Snowboard,6,87.97,Customer-303,customer303@example.com,
304,gid://shopify/Product/2,The Minimal Snowboard,4,36.02,Customer-304,customer304@example.com,
305,gid://shopify/Product/1,The Videographer Snowboard,1,37.00,Customer-305,customer305@example.com,
306,gid://shopify/Product/1,The Videographer Snowboard,6,25.66,Customer-306,customer306@example.com,
307,gid://shopify/Product/1,The Videographer Snowboard,1,97.54,Customer-307,customer307@example.com,
308,gid://shopify/Product/4,The Collection Snowboard: Hydrogen,4,109.35,Customer-308,customer308@example.com,
309,gid://shopify/Product/3,The Archived Snowboard,10,109.92,Customer-309,customer309@example.com,
310,gid://shopify/Product/1,The Videographer Snowboard,9,106.00,Customer-310,customer310@example.com,
311,gid://shopify/Product/4,The Collection Snowboard: Hydrogen,6,36.87,Customer-311,customer311@example.com,
312,gid://shopify/Product/1,The Videographer Snowboard,7,15.02,Customer-312,customer312@example.com,
313,gid://shopify/Product/4,The Collection Snowboard: Hydrogen,1,33.92,Customer-313,customer313@example.com,
314,gid://shopify/Product/1,The Videographer Snowboard,1,93.67,Customer-314,customer314@example.com,
315,gid://shopify/Product/3,The Archived Snowboard,5,98.00,Customer-315,customer315@example.com,
316,gid://shopify/Product/4,The Collection Snowboard: Hydrogen,7,54.18,Customer-316,customer316@example.com,
317,gid://shopify/Product/1,The Videographer Snowboard,4,74.63,Customer-317,customer317@example.com,
318,gid://shopify/Product/2,The Minimal Snowboard,3,25.48,Customer-318,customer318@example.com,
319,gid://shopify/Product/3,The Archived Snowboard,5,32.20,Customer-319,customer319@example.com,
320,gid://shopify/Product/1,The Videographer Snowboard,5,60.71,Customer-320,customer320@example.com,
321,gid://shopify/Product/2,The Minimal Snowboard,2,57.73,Customer-321,customer321@example.com,
322,gid://shopify/Product/1,The Videographer Snowboard,7,80.53,Customer-322,customer322@example.com,
323,gid://shopify/Product/3,The Archived Snowboard,9,90.06,Customer-323,customer323@example.com,
324,gid://shopify/Product/1,The Videographer Snowboard,8,30.34,Customer-324,customer324@example.com,
325,gid://shopify/Product/4,The Collection Snowboard: Hydrogen,10,99.28,Customer-325,customer325@example.com,
326,gid://shopify/Product/2,The Minimal Snowboard,5,64.87,Customer-326,customer326@example.com,
327,gid://shopify/Product/2,The Minimal Snowboard,10,34.83,Customer-327,customer327@example.com,
328,gid://shopify/Product/3,The Archived Snowboard,9,73.68,Customer-328,customer328@example.com,
329,gid://shopify/Product/4,The Collection Snowboard: Hydrogen,3,61.69,Customer-329,customer329@example.com,
330,gid://shopify/Product/2,The Minimal Snowboard,5,84.20,Customer-330,customer330@example.com,
331,gid://shopify/Product/3,The Archived Snowboard,6,58.62,Customer-331,customer331@example.com,
332,gid://shopify/Product/3,The Archived Snowboard,4,72.12,Customer-332,customer332@example.com,
333,gid://shopify/Product/1,The Videographer Snowboard,9,33.56,Customer-333,customer333@example.com,
334,gid://shopify/Product/4,The Collection Snowboard: Hydrogen,4,85.03,Customer-334,customer334@example.com,
335,gid://shopify/Product/2,The Minimal Snowboard,8,106.06,Customer-335,customer335@example.com,
336,gid://shopify/Product/1,The Videographer Snowboard,8,85.26,Customer-336,customer336@example.com,
337,gid://shopify/Product/4,The Collection Snowboard: Hydrogen,10,83.34,Customer-337,customer337@example.com,
338,gid://shopify/Product/3,The Archived Snowboard,7,102.98,Customer-338,customer338@example.com,
339,gid://shopify/Product/4,The Collection Snowboard: Hydrogen,1,99.01,Customer-339,customer339@example.com,
340,gid://shopify/Product/3,The Archived Snowboard,5,106.48,Customer-340,customer340@example.com,
341,gid://shopify/Product/3,The Archived Snowboard,4,35.60,Customer-341,customer341@example.com,
342,gid://shopify/Product/1,The Videographer Snowboard,5,82.82,Customer-342,customer342@example.com,
343,gid://shopify/Product/1,The Videographer Snowboard,2,66.13,Customer-343,customer343@example.com,
344,gid://shopify/Product/1,The Videographer Snowboard,6,26.78,Customer-344,customer344@example.com,
345,gid://shopify/Product/4,The Collection Snowboard: Hydrogen,4,43.89,Customer-345,customer345@example.com,
346,gid://shopify/Product/3,The Archived Snowboard,10,43.81,Customer-346,customer346@example.com,
347,gid://shopify/Product/4,The Collection Snowboard: Hydrogen,10,66.31,Customer-347,customer347@example.com,
348,gid://shopify/Product/3,The Archived Snowboard,7,24.22,Customer-348,customer348@example.com,
349,gid://shopify/Product/1,The Videographer Snowboard,9,14.16,Customer-349,customer349@example.com,
350,gid://shopify/Product/3,The Archived Snowboard,9,44.96,Customer-350,customer350@example.com,
351,gid://shopify/Product/3,The Archived Snowboard,2,51.06,Customer-351,customer351@example.com,
352,gid://shopify/Product/1,The Videographer Snowboard,8,26.84,Customer-352,customer352@example.com,
353,gid://shopify/Product/2,The Minimal Snowboard,2,85.68,Customer-353,customer353@example.com,
354,gid://shopify/Product/4,The Collection Snowboard: Hydrogen,1,77.78,Customer-354,customer354@example.com,
355,gid://shopify/Product/1,The Videographer Snowboard,3,79.20,Customer-355,customer355@example.com,
356,gid://shopify/Product/2,The Minimal Snowboard,4,35.44,Customer-356,customer356@example.com,
357,gid://shopify/Product/3,The Archived Snowboard,9,11.98,Customer-357,customer357@example.com,
358,gid://shopify/Product/4,The Collection Snowboard: Hydrogen,5,19.32,Customer-358,customer358@example.com,
359,gid://shopify/Product/1,The Videographer Snowboard,9,105.17,Customer-359,customer359@example.com,
360,gid://shopify/Product/3,The Archived Snowboard,7,16.47,Customer-360,customer360@example.com,
361,gid://shopify/Product/1,The Videographer Snowboard,1,24.54,Customer-361,customer361@example.com,
362,gid://shopify/Product/4,The Collection Snowboard: Hydrogen,1,79.34,Customer-362,customer362@example.com,
363,gid://shopify/Product/1,The Videographer Snowboard,6,37.89,Customer-363,customer363@example.com,
364,gid://shopify/Product/2,The Minimal Snowboard,4,67.11,Customer-364,customer364@example.com,
365,gid://shopify/Product/1,The Videographer Snowboard,8,108.11,Customer-365,customer365@example.com,
366,gid://shopify/Product/4,The Collection Snowboard: Hydrogen,10,46.47,Customer-366,customer366@example.com,
367,gid://shopify/Product/4,The Collection Snowboard: Hydrogen,3,75.12,Customer-367,customer367@example.com,
368,gid://shopify/Product/2,The Minimal Snowboard,3,61.44,Customer-368,customer368@example.com,
369,gid://shopify/Product/2,The Minimal Snowboard,6,63.98,Customer-369,customer369@example.com,
370,gid://shopify/Product/3,The Archived Snowboard,5,90.84,Customer-370,customer370@example.com,
371,gid://shopify/Product/4,The Collection Snowboard: Hydrogen,3,49.32,Customer-371,customer371@example.com,
372,gid://shopify/Product/3,The Archived Snowboard,10,95.17,Customer-372,customer372@example.com,
373,gid://shopify/Product/4,The Collection Snowboard: Hydrogen,5,66.24,Customer-373,customer373@example.com,
374,gid://shopify/Product/2,The Minimal Snowboard,9,89.63,Customer-374,customer374@example.com,
375,gid://shopify/Product/2,The Minimal Snowboard,3,49.33,Customer-375,customer375@example.com,
376,gid://shopify/Product/4,The Collection Snowboard: Hydrogen,4,29.30,Customer-376,customer376@example.com,
377,gid://shopify/Product/2,The Minimal Snowboard,1,71.91,Customer-377,customer377@example.com,
378,gid://shopify/Product/1,The Videographer Snowboard,4,107.21,Customer-378,customer378@example.com,
379,gid://shopify/Product/3,The Archived Snowboard,1,92.22,Customer-379,customer379@example.com,
380,gid://shopify/Product/2,The Minimal Snowboard,2,104.92,Customer-380,customer380@example.com,
381,gid://shopify/Product/4,The Collection Snowboard: Hydrogen,5,89.77,Customer-381,customer381@example.com,
382,gid://shopify/Product/1,The Videographer Snowboard,9,10.06,Customer-382,customer382@example.com,
383,gid://shopify/Product/1,The Videographer Snowboard,3,70.50,Customer-383,customer383@example.com,
384,gid://shopify/Product/2,The Minimal Snowboard,5,30.72,Customer-384,customer384@example.com,
385,gid://shopify/Product/1,The Videographer Snowboard,6,58.99,Customer-385,customer385@example.com,
386,gid://shopify/Product/3,The Archived Snowboard,5,47.65,Customer-386,customer386@example.com,
387,gid://shopify/Product/2,The Minimal Snowboard,1,80.63,Customer-387,customer387@example.com,
388,gid://shopify/Product/3,The Archived Snowboard,3,98.96,Customer-388,customer388@example.com,
389,gid://shopify/Product/2,The Minimal Snowboard,7,19.58,Customer-389,customer389@example.com,
390,gid://shopify/Product/1,The Videographer Snowboard,9,89.22,Customer-390,customer390@example.com,
391,gid://shopify/Product/2,The Minimal Snowboard,5,35.32,Customer-391,customer391@example.com,
392,gid://shopify/Product/4,The Collection Snowboard: Hydrogen,7,92.79,Customer-392,customer392@example.com,
393,gid://shopify/Product/4,The Collection Snowboard: Hydrogen,5,106.79,Customer-393,customer393@example.com,
394,gid://shopify/Product/4,The Collection Snowboard: Hydrogen,1,45.71,Customer-394,customer394@example.com,
395,gid://shopify/Product/2,The Minimal Snowboard,2,67.28,Customer-395,customer395@example.com,
396,gid://shopify/Product/4,The Collection Snowboard: Hydrogen,1,68.58,Customer-396,customer396@example.com,
397,gid://shopify/Product/4,The Collection Snowboard: Hydrogen,10,13.14,Customer-397,customer397@example.com,
398,gid://shopify/Product/4,The Collection Snowboard: Hydrogen,3,105.69,Customer-398,customer398@example.com,
399,gid://shopify/Product/2,The Minimal Snowboard,10,44.78,Customer-399,customer399@example.com,
400,gid://shopify/Product/3,The Archived Snowboard,6,74.38,Customer-400,customer400@example.com,
401,gid://shopify/Product/1,The Videographer Snowboard,1,91.74,Customer-401,customer401@example.com,
402,gid://shopify/Product/4,The Collection Snowboard: Hydrogen,7,19.17,Customer-402,customer402@example.com,
403,gid://shopify/Product/3,The Archived Snowboard,4,36.08,Customer-403,customer403@example.com,
404,gid://shopify/Product/4,The Collection Snowboard: Hydrogen,6,88.47,Customer-404,customer404@example.com,
405,gid://shopify/Product/3,The Archived Snowboard,10,79.15,Customer-405,customer405@example.com,
406,gid://shopify/Product/3,The Archived Snowboard,1,17.74,Customer-406,customer406@example.com,
407,gid://shopify/Product/1,The Videographer Snowboard,4,31.20,Customer-407,customer407@example.com,
408,gid://shopify/Product/4,The Collection Snowboard: Hydrogen,9,29.33,Customer-408,customer408@example.com,
409,gid://shopify/Product/2,The Minimal Snowboard,7,60.62,Customer-409,customer409@example.com,
410,gid://shopify/Product/2,The Minimal Snowboard,4,102.22,Customer-410,customer410@example.com,
411,gid://shopify/Product/3,The Archived Snowboard,8,94.30,Customer-411,customer411@example.com,
412,gid://shopify/Product/3,The Archived Snowboard,2,84.06,Customer-412,customer412@example.com,
413,gid://shopify/Product/1,The Videographer Snowboard,4,34.67,Customer-413,customer413@example.com,
414,gid://shopify/Product/2,The Minimal Snowboard,7,36.89,Customer-414,customer414@example.com,
415,gid://shopify/Product/3,The Archived Snowboard,10,68.38,Customer-415,customer415@example.com,
416,gid://shopify/Product/2,The Minimal Snowboard,7,104.40,Customer-416,customer416@example.com,
417,gid://shopify/Product/1,The Videographer Snowboard,7,88.43,Customer-417,customer417@example.com,
418,gid://shopify/Product/4,The Collection Snowboard: Hydrogen,8,36.91,Customer-418,customer418@example.com,
419,gid://shopify/Product/3,The Archived Snowboard,10,92.52,Customer-419,customer419@example.com,
420,gid://shopify/Product/4,The Collection Snowboard: Hydrogen,1,81.89,Customer-420,customer420@example.com,
421,gid://shopify/Product/2,The Minimal Snowboard,1,44.42,Customer-421,customer421@example.com,
422,gid://shopify/Product/4,The Collection Snowboard: Hydrogen,3,60.09,Customer-422,customer422@example.com,
423,gid://shopify/Product/1,The Videographer Snowboard,7,16.09,Customer-423,customer423@example.com,
424,gid://shopify/Product/3,The Archived Snowboard,1,17.17,Customer-424,customer424@example.com,
425,gid://shopify/Product/4,The Collection Snowboard: Hydrogen,4,79.61,Customer-425,customer425@example.com,
426,gid://shopify/Product/2,The Minimal Snowboard,4,13.92,Customer-426,customer426@example.com,
427,gid://shopify/Product/1,The Videographer Snowboard,9,29.10,Customer-427,customer427@example.com,
428,gid://shopify/Product/1,The Videographer Snowboard,2,68.31,Customer-428,customer428@example.com,
429,gid://shopify/Product/4,The Collection Snowboard: Hydrogen,3,95.42,Customer-429,customer429@example.com,
430,gid://shopify/Product/3,The Archived Snowboard,9,78.12,Customer-430,customer430@example.com,
431,gid://shopify/Product/1,The Videographer Snowboard,7,13.96,Customer-431,customer431@example.com,
432,gid://shopify/Product/1,The Videographer Snowboard,6,80.07,Customer-432,customer432@example.com,
433,gid://shopify/Product/4,The Collection Snowboard: Hydrogen,4,58.95,Customer-433,customer433@example.com,
434,gid://shopify/Product/1,The Videographer Snowboard,5,27.14,Customer-434,customer434@example.com,
435,gid://shopify/Product/2,The Minimal Snowboard,2,36.95,Customer-435,customer435@example.com,
436,gid://shopify/Product/4,The Collection Snowboard: Hydrogen,10,53.29,Customer-436,customer436@example.com,
437,gid://shopify/Product/4,The Collection Snowboard: Hydrogen,9,106.90,Customer-437,customer437@example.com,
438,gid://shopify/Product/4,The Collection Snowboard: Hydrogen,8,29.55,Customer-438,customer438@example.com,
439,gid://shopify/Product/2,The Minimal Snowboard,3,42.81,Customer-439,customer439@example.com,
440,gid://shopify/Product/1,The Videographer Snowboard,1,30.95,Customer-440,customer440@example.com,
441,gid://shopify/Product/1,The Videographer Snowboard,7,93.51,Customer-441,customer441@example.com,
442,gid://shopify/Product/2,The Minimal Snowboard,10,44.39,Customer-442,customer442@example.com,
443,gid://shopify/Product/2,The Minimal Snowboard,6,19.40,Customer-443,customer443@example.com,
444,gid://shopify/Product/4,The Collection Snowboard: Hydrogen,7,65.74,Customer-444,customer444@example.com,
445,gid://shopify/Product/1,The Videographer Snowboard,3,82.14,Customer-445,customer445@example.com,
446,gid://shopify/Product/1,The Videographer Snowboard,6,89.61,Customer-446,customer446@example.com,
447,gid://shopify/Product/3,The Archived Snowboard,2,61.45,Customer-447,customer447@example.com,
448,gid://shopify/Product/1,The Videographer Snowboard,10,89.17,Customer-448,customer448@example.com,
449,gid://shopify/Product/4,The Collection Snowboard: Hydrogen,10,102.50,Customer-449,customer449@example.com,
450,gid://shopify/Product/4,The Collection Snowboard: Hydrogen,4,25.05,Customer-450,customer450@example.com,
451,gid://shopify/Product/1,The Videographer Snowboard,4,45.27,Customer-451,customer451@example.com,
452,gid://shopify/Product/4,The Collection Snowboard: Hydrogen,7,18.17,Customer-452,customer452@example.com,
453,gid://shopify/Product/3,The Archived Snowboard,9,79.93,Customer-453,customer453@example.com,
454,gid://shopify/Product/2,The Minimal Snowboard,2,101.56,Customer-454,customer454@example.com,
455,gid://shopify/Product/2,The Minimal Snowboard,9,102.62,Customer-455,customer455@example.com,
456,gid://shopify/Product/2,The Minimal Snowboard,10,44.47,Customer-456,customer456@example.com,
457,gid://shopify/Product/3,The Archived Snowboard,3,83.91,Customer-457,customer457@example.com,
458,gid://shopify/Product/3,The Archived Snowboard,8,43.88,Customer-458,customer458@example.com,
459,gid://shopify/Product/4,The Collection Snowboard: Hydrogen,10,75.07,Customer-459,customer459@example.com,
460,gid://shopify/Product/2,The Minimal Snowboard,2,43.04,Customer-460,customer460@example.com,
461,gid://shopify/Product/1,The Videographer Snowboard,4,78.62,Customer-461,customer461@example.com,
462,gid://shopify/Product/4,The Collection Snowboard: Hydrogen,4,71.40,Customer-462,customer462@example.com,
463,gid://shopify/Product/4,The Collection Snowboard: Hydrogen,1,37.50,Customer-463,customer463@example.com,
464,gid://shopify/Product/2,The Minimal Snowboard,2,73.09,Customer-464,customer464@example.com,
465,gid://shopify/Product/1,The Videographer Snowboard,10,29.93,Customer-465,customer465@example.com,
466,gid://shopify/Product/4,The Collection Snowboard: Hydrogen,8,51.51,Customer-466,customer466@example.com,
467,gid://shopify/Product/2,The Minimal Snowboard,9,17.11,Customer-467,customer467@example.com,
468,gid://shopify/Product/3,The Archived Snowboard,4,93.21,Customer-468,customer468@example.com,
469,gid://shopify/Product/1,The Videographer Snowboard,10,42.82,Customer-469,customer469@example.com,
470,gid://shopify/Product/4,The Collection Snowboard: Hydrogen,9,68.37,Customer-470,customer470@example.com,
471,gid://shopify/Product/3,The Archived Snowboard,2,69.20,Customer-471,customer471@example.com,
472,gid://shopify/Product/2,The Minimal Snowboard,8,70.05,Customer-472,customer472@example.com,
473,gid://shopify/Product/4,The Collection Snowboard: Hydrogen,8,47.97,Customer-473,customer473@example.com,
474,gid://shopify/Product/1,The Videographer Snowboard,2,69.52,Customer-474,customer474@example.com,
475,gid://shopify/Product/4,The Collection Snowboard: Hydrogen,3,43.61,Customer-475,customer475@example.com,
476,gid://shopify/Product/1,The Videographer Snowboard,10,19.90,Customer-476,customer476@example.com,
477,gid://shopify/Product/1,The Videographer Snowboard,2,73.09,Customer-477,customer477@example.com,
478,gid://shopify/Product/3,The Archived Snowboard,2,24.49,Customer-478,customer478@example.com,
479,gid://shopify/Product/4,The Collection Snowboard: Hydrogen,1,82.53,Customer-479,customer479@example.com,
480,gid://shopify/Product/2,The Minimal Snowboard,8,57.38,Customer-480,customer480@example.com,
481,gid://shopify/Product/4,The Collection Snowboard: Hydrogen,5,94.31,Customer-481,customer481@example.com,
482,gid://shopify/Product/2,The Minimal Snowboard,8,108.84,Customer-482,customer482@example.com,
483,gid://shopify/Product/4,The Collection Snowboard: Hydrogen,1,23.80,Customer-483,customer483@example.com,
484,gid://shopify/Product/2,The Minimal Snowboard,5,101.49,Customer-484,customer484@example.com,
485,gid://shopify/Product/3,The Archived Snowboard,4,62.15,Customer-485,customer485@example.com,
486,gid://shopify/Product/2,The Minimal Snowboard,2,45.42,Customer-486,customer486@example.com,
487,gid://shopify/Product/1,The Videographer Snowboard,5,10.41,Customer-487,customer487@example.com,
488,gid://shopify/Product/1,The Videographer Snowboard,3,19.79,Customer-488,customer488@example.com,
489,gid://shopify/Product/1,The Videographer Snowboard,4,48.68,Customer-489,customer489@example.com,
490,gid://shopify/Product/3,The Archived Snowboard,7,33.24,Customer-490,customer490@example.com,
491,gid://shopify/Product/1,The Videographer Snowboard,7,104.60,Customer-491,customer491@example.com,
492,gid://shopify/Product/3,The Archived Snowboard,4,16.49,Customer-492,customer492@example.com,
493,gid://shopify/Product/4,The Collection Snowboard: Hydrogen,5,54.88,Customer-493,customer493@example.com,
494,gid://shopify/Product/2,The Minimal Snowboard,4,64.46,Customer-494,customer494@example.com,
495,gid://shopify/Product/3,The Archived Snowboard,5,24.59,Customer-495,customer495@example.com,
496,gid://shopify/Product/2,The Minimal Snowboard,1,86.12,Customer-496,customer496@example.com,
497,gid://shopify/Product/1,The Videographer Snowboard,5,82.75,Customer-497,customer497@example.com,
498,gid://shopify/Product/1,The Videographer Snowboard,9,21.48,Customer-498,customer498@example.com,
499,gid://shopify/Product/2,The Minimal Snowboard,2,21.23,Customer-499,customer499@example.com,
500,gid://shopify/Product/3,The Archived Snowboard,9,38.17,Customer-500,customer500@example.com,